"국가별",1970,1971,1972,1973,1974,1975,1976,1977,1978,1979,1980,1981,1982,1983,1984,1985,1986,1987,1988,1989,1990,1991,1992,1993,1994,1995,1996,1997,1998,1999,2000,2001,2002,2003,2004,2005,2006,2007,2008,2009,2010,2011,2012,2013,2014,2015,2016,2017,2018,2019,2020,2021,2022,2023,2024
"세계",3695390,3770163,3844801,3920252,3995517,4069437,4142506,4215772,4289658,4365583,4444008,4524628,4607985,4691884,4775836,4861731,4950063,5040984,5132294,5223704,5316176,5406246,5492686,5577434,5660728,5743219,5825145,5906481,5987312,6067758,6148899,6230747,6312407,6393898,6475751,6558176,6641416,6725949,6811597,6898306,6985603,7073125,7161698,7250593,7339013,7426598,7513474,7599822,7683790,7764951,7840953,7909295,7975105,8045311,8118836
"아시아",,,,,,,,,,,,,,,,,,,,,,,,,,,,,,,,,,,,,,,,,,,,,,,,,,,,,,,
"대한민국",32241,32883,33505,34103,34692,35281,35849,36412,36969,37534,38124,38723,39326,39910,40406,40806,41214,41622,42031,42449,42869,43296,43748,44195,44642,45093,45525,45954,46287,46617,47008,47370,47645,47892,48083,48185,48438,48684,49055,49308,49554,49937,50200,50429,50747,51015,51218,51362,51585,51765,51836,51745,51628,51558,51500
"아프가니스탄",10753,11016,11287,11575,11870,12157,12425,12687,12939,12986,12487,11155,10088,9951,10244,10512,10448,10323,10383,10673,10695,10745,12057,14004,15456,16419,17107,17789,18493,19263,19543,19689,21000,22645,23554,24411,25443,25903,26427,27385,28190,29249,30466,31541,32716,33753,34636,35643,36687,37769,38972,40099,41129,42240,43373
"아르메니아",2534,2591,2648,2707,2768,2831,2896,2966,3038,3097,3135,3168,3202,3238,3272,3301,3327,3351,3367,3448,3557,3618,3575,3457,3374,3323,3299,3271,3241,3206,3169,3133,3105,3084,3066,3047,3026,3004,2983,2964,2946,2929,2914,2901,2890,2879,2866,2852,2837,2821,2806,2791,2780,2778,2778
"아제르바이잔",5425,5529,5630,5729,5827,5925,6021,6116,6209,6297,6383,6473,6568,6669,6777,6891,7009,7133,7261,7349,7428,7538,7643,7740,7822,7889,7949,8000,8041,8101,8190,8282,8372,8462,8556,8656,8763,8878,9000,9120,9237,9359,9486,9614,9742,9863,9976,10072,10153,10233,10285,10313,10358,10413,10463
"바레인",223,231,243,257,271,285,300,315,331,347,363,377,391,405,419,434,450,467,483,500,517,535,554,574,593,613,633,653,672,692,711,730,748,778,833,902,971,1041,1110,1179,1214,1212,1225,1262,1311,1362,1410,1457,1487,1494,1477,1463,1472,1486,1499
"방글라데시",67542,68376,69347,71145,72948,74700,76380,78138,80008,81908,83930,86155,88555,91045,93534,95959,98272,100490,102689,104894,107148,109243,111272,113419,115615,117793,119877,122039,124350,126755,129193,131670,134140,136503,138790,140913,142629,144136,145421,146707,148391,150211,152091,154030,155961,157830,159785,161794,163684,165516,167421,169356,171186,172954,174701
"부탄",299,309,319,330,341,352,364,376,389,402,415,429,442,456,470,485,499,514,529,544,558,568,546,521,521,528,537,547,557,571,587,603,619,635,650,663,673,682,690,698,706,713,721,729,736,743,750,756,762,767,773,777,782,787,792
"브루나이",133,139,144,149,154,160,165,171,176,182,188,194,201,208,215,222,230,238,246,254,262,270,277,285,292,299,306,313,320,327,334,341,347,354,360,367,373,379,385,390,396,402,407,412,417,421,426,430,434,438,442,445,449,453,456
"캄보디아",6709,6696,6766,6852,6913,6728,6307,6040,5961,6052,6199,6364,6620,6882,7134,7376,7661,7976,8270,8571,8911,9259,9718,10244,10636,10920,11183,11432,11669,11899,12119,12338,12562,12788,13016,13247,13478,13715,13944,14156,14364,14574,14787,15000,15211,15418,15625,15831,16025,16208,16397,16589,16768,16945,17122
"중국",822534,843285,862840,881652,899368,915125,929376,942581,955139,968299,982372,997260,1013483,1029227,1044172,1060240,1077771,1096852,1115890,1134415,1153704,1170626,1183813,1195856,1207287,1218144,1228299,1237801,1246836,1255433,1264099,1272740,1280926,1288873,1296817,1304888,1313087,1321513,1330167,1339126,1348191,1357095,1366561,1376100,1385190,1393715,1401890,1410276,1417069,1421864,1424930,1425893,1425887,1425671,1425179
"키프로스",641,644,648,651,649,645,649,656,664,672,679,687,696,707,720,732,743,755,766,778,789,799,810,826,844,862,880,897,915,932,948,965,982,1000,1019,1037,1055,1074,1092,1111,1130,1145,1157,1167,1177,1187,1198,1209,1219,1229,1238,1244,1251,1260,1268
"조지아",4800,4837,4870,4904,4937,4970,5005,5041,5077,5112,5146,5182,5220,5259,5300,5339,5378,5415,5450,5445,5392,5322,5239,5128,4998,4878,4761,4640,4518,4395,4265,4144,4061,4018,3989,3961,3934,3906,3880,3855,3837,3822,3804,3786,3774,3771,3771,3772,3772,3771,3766,3758,3744,3728,3717
"홍콩",3955,4029,4128,4235,4343,4451,4559,4665,4769,4873,4979,5078,5167,5252,5334,5412,5493,5579,5666,5753,5839,5923,6008,6090,6169,6244,6333,6441,6546,6642,6731,6802,6849,6886,6916,6937,6961,7001,7051,7095,7132,7175,7234,7297,7352,7400,7436,7462,7482,7496,7501,7495,7489,7492,7497
"인도",557501,569999,582838,596107,609722,623524,637451,651686,666268,681248,696828,712869,729169,745827,762895,780242,797879,815716,833730,852013,870452,888942,907574,926351,945262,964279,983281,1002335,1021435,1040500,1059634,1078971,1098313,1117415,1136265,1154639,1172374,1189692,1206735,1223640,1240614,1257621,1274487,1291132,1307247,1322867,1338636,1354196,1369003,1383112,1396387,1407564,1417173,1428628,1441720
"인도네시아",115228,118347,121504,124709,127945,131213,134521,137862,141251,144693,148177,151686,155229,158791,162332,165792,169135,172421,175695,178949,182160,185361,188558,191737,194929,198140,201374,204628,207855,210997,214072,217112,220115,223080,225939,228805,231797,234858,237937,240981,244016,247100,250223,253276,256230,259092,261850,264499,267067,269583,271858,273753,275501,277534,279798
"이란",28450,29274,30112,30982,31896,32857,33841,34876,35994,37205,38521,40476,42500,44028,45628,47266,48913,50541,52112,53645,55794,57991,59372,59755,59986,60795,61598,62481,63461,64475,65544,66675,67327,67955,69062,70183,71276,72319,73318,74323,75374,76343,77324,78459,79962,81791,83306,84505,85618,86564,87290,87923,88551,89173,89810
"이라크",9811,10155,10507,10872,11243,11618,11999,12400,12820,13234,13653,14067,14468,14904,15377,15754,16148,16598,16987,17443,17658,17846,18386,19296,20248,20949,21639,22331,23053,23821,24629,25426,26255,27069,27859,28699,28906,28661,29218,30289,31265,32378,33864,35482,36746,37758,38698,39621,40591,41564,42557,43534,44496,45505,46524
"이스라엘",2907,3019,3121,3214,3304,3388,3468,3541,3609,3676,3745,3817,3893,3979,4077,4183,4295,4412,4535,4667,4803,4943,5079,5213,5346,5479,5612,5743,5870,5994,6117,6238,6357,6476,6596,6714,6832,6952,7075,7200,7328,7460,7592,7727,7864,8008,8159,8309,8456,8608,8757,8900,9038,9175,9312
"일본",105417,106789,108220,109679,111100,112412,113625,114762,115810,116766,117624,118386,119098,119794,120471,121119,121710,122269,122798,123271,123686,124074,124445,124780,125119,125434,125726,126028,126308,126555,126804,127066,127302,127502,127671,127798,127902,128006,128078,128117,128105,128007,127854,127679,127477,127251,126994,126662,126256,125792,125245,124613,123952,123295,122631
"요르단",1557,1636,1705,1767,1828,1887,1945,2005,2069,2138,2217,2307,2406,2515,2630,2751,2880,3015,3157,3311,3481,3666,3867,4076,4278,4458,4609,4734,4844,4951,5056,5163,5276,5396,5532,5679,6076,6473,6633,6780,6931,7110,7212,7695,8658,9494,9965,10215,10460,10699,10929,11148,11286,11337,11385
"카자흐스탄",12265,12444,12612,12790,12972,13159,13346,13544,13750,13958,14173,14397,14634,14886,15148,15413,15721,16072,16431,16705,16867,16994,17043,16980,16747,16434,16144,15820,15474,15256,15236,15281,15339,15417,15522,15656,15823,16006,16197,16402,16628,16865,17103,17346,17592,17836,18079,18315,18538,18754,18979,19196,19398,19607,19828
"북한",14997,15382,15768,16128,16437,16723,16987,17231,17472,17719,17974,18235,18502,18771,19045,19325,19613,19904,20197,20495,20800,21116,21440,21773,22105,22386,22614,22827,23024,23204,23367,23513,23638,23782,23949,24101,24236,24357,24469,24582,24686,24784,24888,25002,25126,25258,25390,25516,25638,25755,25867,25972,26069,26161,26245
"쿠웨이트",803,859,914,971,1030,1096,1169,1247,1329,1412,1494,1573,1653,1736,1814,1889,1968,2048,2129,2210,1675,1340,1621,1654,1641,1655,1703,1761,1820,1877,1935,1992,2047,2102,2153,2235,2363,2507,2651,2796,2943,3144,3395,3647,3762,3909,4048,4125,4317,4441,4360,4250,4269,4310,4349
"키르기스스탄",3016,3089,3158,3225,3290,3354,3417,3482,3550,3620,3691,3765,3841,3922,3998,4065,4133,4202,4273,4336,4395,4456,4501,4508,4531,4596,4667,4738,4810,4879,4935,4981,5027,5078,5137,5193,5247,5295,5345,5414,5484,5552,5632,5720,5814,5915,6018,6121,6223,6324,6425,6528,6631,6735,6840
"라오스",2675,2741,2808,2878,2947,3013,3072,3126,3178,3234,3298,3371,3454,3544,3640,3742,3848,3960,4075,4194,4314,4437,4561,4685,4808,4927,5044,5151,5247,5340,5431,5520,5606,5689,5768,5853,5947,6041,6136,6230,6323,6416,6509,6601,6691,6787,6891,6998,7105,7212,7319,7425,7529,7634,7737
"레바논",2382,2442,2506,2570,2633,2692,3070,3458,3183,2902,2964,3027,3070,3107,3164,3227,3308,3391,3457,3526,3594,3667,3745,3819,3888,3960,4034,4108,4179,4250,4321,4389,4447,4505,4575,4643,4720,4810,4888,4951,4996,5045,5178,5679,6274,6399,6259,6109,5951,5782,5663,5593,5490,5354,5219
"마카오",247,250,249,248,247,247,247,246,246,246,245,249,257,266,277,288,299,312,324,337,350,362,372,381,389,397,404,412,419,426,432,439,450,463,476,489,502,515,529,543,557,571,583,593,604,615,627,639,651,664,676,687,695,704,713
"말레이시아",10307,10553,10802,11063,11335,11618,11910,12219,12544,12875,13216,13565,13921,14293,14686,15108,15559,16033,16525,17020,17517,18017,18527,19050,19589,20137,20689,21249,21811,22369,22945,23543,24142,24739,25333,25924,26509,27093,27664,28217,28718,29184,29660,30135,30606,31069,31526,31976,32399,32804,33200,33574,33938,34309,34672
"몰디브",123,127,131,135,139,143,147,152,156,160,165,170,175,179,184,190,197,204,211,218,225,232,239,246,252,258,264,269,274,278,283,287,292,297,302,307,314,325,337,349,362,374,388,401,417,436,454,472,490,505,514,521,524,521,518
"몽골",1294,1328,1364,1402,1443,1486,1529,1573,1616,1657,1698,1739,1782,1826,1872,1920,1970,2022,2074,2121,2161,2200,2236,2270,2302,2330,2357,2382,2405,2428,2451,2473,2495,2516,2538,2559,2581,2606,2634,2667,2703,2744,2792,2845,2903,2965,3030,3096,3164,3232,3294,3348,3398,3447,3494
"미얀마",27284,27915,28552,29165,29752,30344,30941,31555,32186,32822,33466,34110,34743,35424,36160,36881,37572,38233,38868,39489,40100,40681,41238,41788,42337,42880,43423,43972,44516,45042,45538,46015,46480,46924,47338,47724,48088,48446,48729,49016,49391,49795,50218,50648,51072,51484,51892,52288,52666,53040,53423,53798,54179,54578,54965
"네팔",12501,12775,13052,13336,13626,13926,14231,14550,14889,15239,15600,15970,16347,16741,17142,17541,17937,18326,18721,19145,19617,20131,20702,21267,21795,22306,22784,23249,23703,24143,24560,24956,25332,25683,26004,26285,26519,26714,26882,27027,27162,27266,27331,27382,27462,27610,27861,28183,28507,28832,29349,30035,30548,30897,31240
"오만",671,689,708,729,755,787,824,866,913,963,1017,1076,1138,1205,1273,1353,1443,1533,1623,1714,1805,1895,1985,2072,2134,2173,2210,2246,2280,2313,2344,2375,2404,2432,2469,2515,2561,2606,2651,2698,2882,3207,3536,3817,4009,4192,4398,4542,4601,4603,4543,4520,4576,4644,4714
"파키스탄",59291,60879,62510,64286,66149,68127,70231,72451,74789,77407,80624,84270,87828,91080,94004,97122,100619,104251,107968,111670,115414,119204,122375,125547,129245,133117,137235,141330,145476,149694,154370,159218,163263,166877,170649,174372,178070,181925,185932,190123,194454,198603,202206,205338,208252,210969,213525,216380,219731,223293,227197,231402,235825,240486,245210
"팔레스타인",1118,1136,1167,1195,1225,1264,1301,1337,1374,1413,1454,1498,1546,1604,1674,1731,1775,1863,1963,2041,2125,2214,2310,2411,2515,2623,2734,2847,2951,3044,3140,3230,3309,3384,3460,3541,3628,3718,3809,3899,3992,4088,4184,4282,4380,4485,4594,4701,4806,4910,5019,5133,5250,5371,5495
"필리핀",37436,38422,39412,40406,41388,42394,43474,44647,45891,47154,48420,49679,50939,52220,53515,54813,56110,57415,58756,60127,61559,63040,64544,66083,67650,69250,70945,72719,74492,76249,77958,79626,81286,82943,84608,86261,87902,89561,91252,92947,94637,96338,98032,99700,101325,103031,104875,106739,108569,110381,112191,113880,115559,117337,119106
"카타르",118,133,148,164,179,195,211,227,244,260,277,295,313,330,348,366,382,397,412,427,442,456,471,486,501,515,529,551,581,613,646,679,713,749,778,849,1015,1232,1444,1610,1714,1804,1906,2036,2214,2415,2595,2712,2767,2807,2760,2688,2695,2716,2737
"사우디아라비아",6106,6397,6724,7089,7484,7898,8320,8755,9211,9682,10172,10678,11201,11746,12310,12890,13483,14090,14714,15353,16005,16654,17281,17846,18368,18889,19410,19938,20473,21010,21547,22086,22623,23151,23662,24398,25383,26400,27437,28484,29412,30151,30822,31482,32126,32750,33416,34193,35018,35827,35997,35950,36409,36947,37474
"싱가포르",2062,2096,2132,2168,2202,2232,2262,2292,2323,2358,2401,2452,2507,2565,2624,2686,2750,2815,2881,2946,3022,3121,3228,3334,3439,3544,3652,3761,3866,3966,4054,4121,4177,4226,4270,4345,4487,4663,4838,5011,5164,5281,5381,5478,5571,5650,5712,5764,5815,5866,5910,5941,5976,6015,6053
"스리랑카",12389,12655,12914,13170,13418,13663,13910,14159,14415,14680,14944,15199,15439,15658,15873,16092,16318,16547,16774,16991,17204,17417,17624,17826,18012,18178,18323,18449,18561,18670,18776,18920,19111,19303,19490,19674,19871,20079,20286,20482,20669,20860,21017,21132,21239,21337,21425,21507,21581,21650,21715,21773,21832,21894,21949
"시리아",6319,6539,6769,7003,7245,7497,7759,8029,8310,8601,8899,9204,9511,9835,10183,10541,10908,11281,11658,12034,12409,12782,13156,13537,13923,14313,14709,15104,15501,15901,16308,16728,17164,17611,18084,18584,19432,20703,21474,21827,22338,22731,22606,21496,20072,19205,18964,18983,19333,20098,20773,21324,22125,23227,24348
"대만",14958,15292,15617,15934,16244,16552,16861,17171,17483,17793,18100,18401,18693,18976,19249,19512,19762,19996,20211,20404,20586,20771,20952,21126,21293,21456,21612,21765,21914,22057,22195,22333,22470,22594,22703,22796,22875,22942,22998,23044,23083,23143,23234,23330,23423,23512,23594,23665,23726,23778,23821,23860,23893,23923,23950
"타지키스탄",2993,3086,3180,3277,3378,3482,3591,3703,3818,3933,4046,4161,4279,4402,4530,4661,4798,4946,5100,5264,5418,5556,5656,5718,5804,5916,6036,6117,6157,6190,6273,6409,6542,6672,6801,6929,7057,7188,7325,7469,7622,7785,7956,8137,8326,8524,8725,8926,9128,9337,9543,9750,9953,10144,10332
"태국",35792,36808,37834,38873,39901,40908,41882,42844,43807,44760,45738,46727,47700,48671,49637,50595,51542,52479,53411,54324,55228,56100,56939,57776,58610,59425,60211,60989,61745,62443,63067,63650,64223,64777,65311,65821,66320,66827,67328,67814,68270,68713,69157,69579,69961,70294,70607,70898,71128,71308,71476,71601,71697,71801,71886
"튀르키예",35541,36360,37188,38028,38863,39674,40501,41386,42292,43187,44089,44982,45950,47026,48107,49176,50224,51250,52276,53305,54324,55321,56302,57296,58310,59305,60294,61277,62242,63186,64114,65072,65989,66867,67785,68705,69601,70469,71321,72226,73195,74174,75277,76576,78112,79646,81019,82090,82809,83482,84135,84775,85341,85816,86260
"투르크메니스탄",2201,2264,2328,2393,2459,2526,2592,2659,2726,2794,2863,2933,3006,3082,3162,3247,3337,3431,3525,3621,3720,3822,3926,4032,4133,4227,4301,4364,4432,4501,4569,4635,4699,4759,4820,4886,4954,5025,5100,5181,5268,5361,5459,5560,5663,5766,5869,5968,6065,6158,6250,6342,6431,6516,6598
"아랍에미리트",298,345,392,442,492,543,614,707,805,908,1014,1100,1168,1238,1308,1380,1469,1576,1684,1792,1900,2008,2116,2223,2329,2434,2573,2746,2921,3098,3275,3454,3634,3813,3993,4281,4899,5873,6989,7993,8482,8575,8665,8752,8836,8917,8994,9068,9140,9212,9287,9365,9441,9517,9592
"우즈베키스탄",12011,12370,12733,13108,13495,13894,14307,14732,15154,15559,15947,16336,16736,17153,17594,18063,18560,19077,19600,20103,20579,21074,21588,22086,22565,23026,23466,23877,24257,24603,24926,25248,25579,25906,26235,26573,26927,27310,27727,28168,28614,29057,29503,29963,30447,30949,31454,31946,32450,32977,33527,34081,34628,35164,35674
"베트남",41929,42917,43906,44891,45899,46970,48164,49418,50701,51831,52968,54280,55632,57011,58407,59811,61221,62631,64038,65466,66913,68359,69789,71176,72501,73759,74946,76059,77128,78124,79001,79818,80642,81476,82311,83142,83952,84762,85597,86483,87411,88349,89301,90268,91236,92191,93127,94033,94914,95777,96649,97468,98187,98859,99498
"예멘",6844,7024,7216,7418,7630,7856,8095,8348,8615,8900,9205,9529,9872,10237,10626,11037,11465,11916,12387,12872,13375,13896,14434,14988,15553,16103,16614,17109,17608,18115,18629,19143,19661,20189,20733,21321,21966,22642,23329,24030,24744,25476,26223,26984,27753,28517,29274,30034,30791,31547,32284,32982,33697,34450,35220
"북아메리카",,,,,,,,,,,,,,,,,,,,,,,,,,,,,,,,,,,,,,,,,,,,,,,,,,,,,,,
"버뮤다",52,53,53,53,53,53,53,53,53,53,54,54,54,55,55,56,56,56,57,57,57,58,58,59,59,59,60,60,61,61,61,62,62,62,63,63,63,63,63,63,63,64,64,64,63,63,63,63,64,64,64,64,64,64,64
"캐나다",21435,21889,22222,22502,22812,23136,23442,23715,23963,24219,24512,24816,25102,25361,25602,25844,26116,26437,26815,27244,27657,28016,28348,28668,28981,29289,29594,29883,30145,30400,30683,31003,31322,31619,31912,32216,32532,32862,33219,33594,33963,34324,34692,35064,35405,35732,36114,36554,37035,37523,37889,38155,38454,38781,39107
"그린란드",45,46,47,48,49,49,50,50,50,50,50,51,51,52,53,53,54,54,55,55,56,56,56,56,56,56,56,56,56,56,56,56,57,57,57,57,57,57,57,56,56,56,56,56,56,56,56,56,56,56,56,56,56,57,57
"멕시코",50289,51898,53543,55228,56946,58692,60453,62263,64124,65973,67705,69234,70657,72080,73490,74872,76224,77554,78892,80234,81720,83352,84993,86648,88314,89970,91587,93183,94767,96335,97873,99394,100917,102429,103946,105442,106887,108303,109684,111049,112532,114150,115756,117291,118756,120150,121519,122839,124014,125085,125998,126705,127504,128456,129388
"생피에르미클롱",6,6,6,6,6,6,6,6,6,6,6,6,6,6,6,6,6,6,6,6,6,6,6,6,6,6,6,6,6,6,6,6,6,6,6,6,6,6,6,6,6,6,6,6,6,6,6,6,6,6,6,6,6,6,6
"미국",200328,202908,205238,207315,209278,211275,213270,215437,217881,220463,223140,225654,228001,230390,232766,235146,237513,239853,242288,244954,248084,251560,255175,258780,262274,265661,268984,272395,275835,279182,282399,285470,288350,291110,293948,296843,299753,302743,305695,308512,311183,313877,316651,319375,322034,324608,327210,329791,332140,334320,335942,336998,338290,339997,341814
"남아메리카",,,,,,,,,,,,,,,,,,,,,,,,,,,,,,,,,,,,,,,,,,,,,,,,,,,,,,,
"안길라",6,6,6,6,6,6,6,7,7,7,7,7,7,7,7,7,7,7,8,8,8,9,9,9,9,10,10,10,10,11,11,11,12,12,12,12,12,13,13,13,13,13,13,14,14,15,15,15,15,15,16,16,16,16,16
"앤티가바부다",65,65,65,64,64,64,64,64,64,65,65,65,65,65,65,65,65,64,64,64,63,64,65,66,67,68,70,71,73,74,75,76,77,78,79,80,81,82,83,85,86,87,88,88,89,90,91,91,92,92,93,93,94,94,95
"아르헨티나",23843,24223,24613,25021,25450,25876,26290,26714,27146,27584,28025,28471,28923,29377,29832,30287,30748,31216,31691,32166,32638,33106,33568,34027,34489,34946,35389,35816,36233,36653,37071,37480,37885,38278,38669,39071,39477,39876,40274,40684,41100,41521,41952,42388,42824,43257,43668,44055,44414,44746,45036,45277,45510,45774,46058
"아루바",59,59,59,59,60,61,61,61,62,62,62,63,63,64,64,64,65,64,64,65,66,68,70,72,75,77,79,82,84,87,89,91,92,93,94,94,96,97,98,99,100,101,102,103,104,104,105,105,106,106,107,107,106,106,106
"바하마",179,184,189,194,198,202,206,211,215,219,224,228,232,237,241,246,251,256,260,265,271,276,282,288,294,300,305,310,315,320,325,330,334,338,343,348,353,358,363,368,373,378,382,386,389,393,396,399,402,405,406,408,410,413,415
"바베이도스",241,242,243,245,246,247,248,250,251,252,254,255,256,257,257,258,258,259,259,259,259,259,260,261,262,262,263,263,264,264,265,265,266,267,269,269,270,271,273,274,275,275,276,277,277,278,279,279,280,280,281,281,282,282,282
"벨리즈",121,123,125,127,129,131,133,136,139,142,145,149,152,156,160,163,167,171,175,179,183,186,190,194,198,204,210,217,225,233,240,248,256,264,272,280,289,297,306,314,322,330,337,345,352,360,367,375,382,389,395,400,405,411,417
"볼리비아",4586,4688,4794,4902,5014,5128,5244,5364,5486,5610,5736,5863,5991,6121,6252,6386,6522,6661,6804,6949,7096,7245,7394,7544,7694,7841,7989,8138,8287,8439,8593,8746,8901,9057,9216,9377,9543,9711,9881,10051,10223,10396,10570,10743,10917,11090,11263,11436,11607,11777,11936,12079,12224,12389,12567
"브라질",96370,98766,101194,103667,106167,108701,111287,113940,116664,119447,122288,125168,128065,130977,133889,136783,139643,142466,145254,148003,150706,153336,155901,158441,160980,163515,166037,168547,171040,173486,175874,178212,180477,182629,184722,186797,188821,190779,192672,194518,196353,198185,199978,201722,203460,205188,206860,208505,210167,211783,213196,214326,215313,216422,217637
"영국령버진아일랜드",10,10,10,10,10,10,10,11,11,11,11,11,12,12,13,13,14,14,15,15,16,16,16,17,17,18,18,19,19,20,20,21,21,22,23,23,24,25,26,27,28,28,28,29,29,29,30,30,30,31,31,31,31,32,32
"케이맨제도",11,11,12,12,13,14,14,15,16,16,17,18,19,20,20,21,22,23,24,25,26,27,29,30,31,33,34,36,37,38,40,41,42,44,45,47,48,50,51,53,54,55,57,58,60,61,62,64,65,66,67,68,69,69,70
"칠레",9820,9984,10146,10308,10473,10640,10805,10970,11138,11304,11470,11638,11807,11977,12148,12326,12515,12713,12918,13129,13343,13562,13782,13998,14211,14417,14615,14809,14997,15176,15352,15524,15694,15859,16018,16175,16335,16496,16661,16833,17004,17174,17342,17510,17687,17870,18084,18369,18701,19039,19300,19493,19604,19630,19659
"콜롬비아",20905,21405,21898,22396,22898,23404,23913,24444,25004,25579,26176,26786,27405,28042,28689,29326,29960,30603,31257,31923,32601,33273,33939,34615,35295,35970,36633,37292,37944,38585,39215,39838,40454,41058,41648,42221,42773,43307,43815,44314,44816,45309,45782,46238,46678,47120,47626,48352,49277,50187,50931,51517,51874,52085,52341
"코스타리카",1856,1905,1956,2006,2058,2112,2168,2226,2286,2349,2414,2481,2551,2623,2696,2771,2848,2925,3001,3079,3158,3239,3322,3405,3489,3573,3656,3739,3821,3901,3979,4053,4123,4189,4253,4316,4378,4440,4502,4563,4622,4680,4737,4792,4844,4895,4945,4994,5041,5085,5123,5154,5181,5212,5247
"쿠바",8870,9026,9169,9298,9413,9514,9601,9673,9730,9775,9809,9849,9909,9985,10066,10149,10235,10327,10425,10527,10627,10714,10784,10841,10887,10927,10963,10998,11034,11070,11106,11139,11170,11199,11225,11246,11261,11270,11277,11283,11290,11299,11309,11322,11332,11340,11342,11336,11328,11317,11301,11256,11212,11194,11175
"도미니카연방",69,69,70,70,71,71,72,72,72,73,73,73,73,72,72,72,71,71,70,70,69,69,69,69,69,69,69,69,69,69,68,68,68,68,69,69,69,69,69,69,69,69,69,69,69,70,70,70,71,71,72,72,73,73,73
"도미니카공화국",4476,4600,4725,4851,4979,5106,5235,5365,5495,5626,5756,5885,6015,6147,6282,6418,6554,6693,6834,6980,7129,7278,7427,7576,7724,7870,8012,8150,8282,8411,8541,8669,8795,8920,9043,9165,9284,9402,9523,9648,9776,9904,10031,10157,10282,10406,10528,10647,10766,10882,11000,11118,11229,11333,11434
"에콰도르",6172,6351,6534,6720,6911,7106,7304,7507,7713,7922,8136,8353,8573,8796,9023,9254,9490,9729,9970,10210,10450,10686,10914,11133,11348,11562,11775,11988,12200,12412,12627,12846,13071,13301,13535,13770,14009,14252,14497,14743,14990,15238,15484,15723,15958,16196,16440,16697,17016,17344,17589,17798,18001,18190,18377
"엘살바도르",3619,3708,3798,3891,3984,4077,4167,4257,4347,4433,4509,4549,4600,4690,4782,4877,4971,5067,5170,5271,5367,5461,5552,5631,5693,5748,5797,5843,5885,5924,5958,5988,6011,6027,6036,6038,6034,6044,6068,6091,6114,6137,6161,6186,6210,6231,6251,6267,6276,6280,6293,6314,6336,6365,6396
"포클랜드",2,2,2,2,2,2,2,2,2,2,2,2,2,2,2,2,2,2,2,2,2,2,2,3,3,3,3,3,3,3,3,3,3,3,3,3,3,3,3,3,3,3,3,3,3,3,4,4,4,4,4,4,4,4,4
"그레나다",99,99,98,98,98,97,97,96,96,95,95,95,97,98,100,101,101,101,100,99,99,100,101,102,103,104,105,106,106,107,107,108,108,109,110,110,111,112,112,113,114,115,116,117,118,119,120,121,122,123,124,125,125,126,127
"과들루프",318,320,321,322,323,325,328,330,332,333,334,336,339,344,351,358,365,372,379,386,392,397,401,406,410,414,418,422,425,426,424,421,418,413,409,403,401,402,402,403,403,403,403,402,401,399,398,397,396,395,396,396,396,396,396
"과테말라",5453,5598,5745,5895,6048,6202,6343,6487,6649,6815,6988,7166,7333,7512,7719,7932,8148,8369,8600,8840,9085,9330,9577,9832,10095,10363,10632,10905,11184,11464,11736,12009,12290,12571,12852,13133,13412,13697,13979,14259,14543,14833,15128,15423,15714,16001,16291,16579,16850,17106,17363,17608,17844,18092,18358
"가이아나",705,714,722,730,738,746,754,761,769,774,778,780,780,778,776,773,769,764,758,753,747,744,745,747,750,752,754,755,757,758,759,760,760,761,760,760,758,757,754,751,748,744,744,747,751,755,759,763,786,799,797,805,809,814,820
"아이티",4681,4766,4853,4941,5031,5125,5222,5324,5429,5536,5647,5760,5878,5998,6120,6246,6375,6508,6645,6784,6925,7066,7206,7346,7486,7627,7771,7915,8061,8209,8360,8512,8662,8812,8961,9112,9266,9421,9575,9731,9843,9954,10109,10261,10413,10564,10714,10864,11012,11160,11307,11448,11585,11725,11867
"온두라스",2783,2868,2956,3047,3137,3232,3335,3441,3550,3663,3778,3896,4016,4138,4262,4388,4516,4646,4778,4914,5053,5197,5345,5497,5653,5813,5977,6144,6309,6477,6657,6838,7020,7202,7383,7565,7745,7924,8102,8277,8451,8623,8792,8961,9128,9295,9461,9627,9793,9959,10122,10278,10433,10594,10759
"자메이카",1859,1886,1915,1945,1975,2003,2029,2055,2080,2107,2136,2167,2200,2233,2264,2292,2316,2336,2355,2373,2392,2412,2435,2459,2484,2509,2533,2555,2577,2596,2612,2625,2638,2651,2664,2677,2690,2701,2711,2722,2734,2746,2760,2773,2785,2794,2803,2808,2812,2814,2820,2828,2827,2826,2825
"마르티니크",326,327,327,327,328,329,330,332,333,333,334,335,337,340,344,349,353,358,363,368,374,381,388,396,403,410,417,424,430,433,433,429,425,419,410,400,396,396,395,394,392,390,387,385,384,384,380,377,375,372,370,369,368,367,366
"몬트세랫",11,11,11,11,12,12,12,12,12,12,11,11,11,11,11,11,11,11,11,11,11,11,10,10,9,8,8,7,6,6,5,5,5,5,5,5,5,5,5,5,5,5,5,5,5,5,5,5,4,5,5,4,4,4,4
"니카라과",2445,2525,2603,2683,2769,2857,2947,3039,3129,3214,3303,3398,3492,3585,3675,3763,3852,3941,4033,4129,4228,4327,4427,4527,4625,4722,4812,4896,4975,5050,5123,5193,5259,5323,5386,5455,5530,5607,5688,5771,5856,5943,6031,6119,6209,6299,6389,6481,6572,6664,6756,6851,6948,7046,7143
"파나마",1516,1559,1603,1647,1691,1735,1779,1823,1867,1912,1957,2003,2050,2098,2148,2197,2247,2297,2348,2399,2450,2502,2554,2607,2661,2716,2772,2828,2885,2943,3002,3061,3121,3182,3243,3306,3369,3432,3495,3559,3624,3689,3755,3822,3889,3957,4026,4096,4165,4233,4294,4351,4409,4468,4528
"파라과이",2409,2464,2522,2583,2648,2715,2783,2852,2924,2999,3079,3163,3252,3343,3438,3535,3636,3739,3844,3951,4059,4168,4277,4386,4495,4604,4712,4818,4923,5026,5124,5212,5287,5353,5416,5477,5535,5590,5645,5703,5769,5844,5923,6006,6091,6178,6267,6355,6443,6530,6619,6704,6781,6862,6947
"페루",13562,13912,14292,14675,15057,15441,15827,16225,16638,17059,17492,17932,18374,18827,19286,19747,20208,20671,21144,21624,22109,22583,23047,23514,23983,24449,24907,25365,25818,26252,26654,27015,27335,27623,27894,28147,28381,28600,28806,29009,29230,29478,29750,30039,30354,30712,31133,31605,32204,32825,33305,33715,34050,34353,34683
"푸에르토리코",2738,2782,2829,2877,2924,2972,3020,3069,3117,3166,3215,3259,3301,3339,3374,3406,3435,3462,3488,3514,3544,3578,3613,3645,3676,3705,3733,3760,3785,3810,3827,3832,3831,3826,3817,3806,3792,3775,3758,3739,3718,3692,3658,3615,3560,3497,3433,3366,3319,3293,3272,3256,3252,3260,3269
"세인트키츠네비스",45,45,44,44,44,44,44,44,43,43,43,43,43,43,42,42,42,42,41,41,41,41,41,41,42,43,43,44,44,45,45,46,46,46,47,47,47,47,47,47,47,48,48,48,48,48,48,48,48,48,48,48,48,48,48
"세인트루시아",103,105,106,108,110,111,113,115,117,119,122,124,126,128,131,133,135,137,139,140,142,144,146,149,151,152,154,155,157,158,160,161,162,163,164,165,166,168,169,170,171,172,173,174,175,176,176,177,178,179,179,180,180,180,181
"세인트빈센트그레나딘",98,100,101,102,103,104,105,105,106,107,107,108,109,110,110,111,111,112,112,112,112,113,113,114,114,114,114,114,114,114,114,114,113,113,113,112,111,111,110,110,109,109,108,107,107,106,106,106,105,105,105,104,104,104,104
"수리남",380,392,398,396,395,392,389,386,382,377,375,376,377,379,383,387,392,397,402,408,413,416,420,422,427,434,444,453,462,470,479,487,496,504,511,516,522,528,534,540,546,552,558,564,570,575,581,588,594,600,607,613,618,623,629
"트리니다드토바고",989,1000,1013,1027,1040,1054,1068,1082,1097,1112,1128,1143,1157,1171,1185,1200,1216,1231,1245,1256,1267,1276,1286,1294,1301,1308,1313,1318,1323,1327,1332,1339,1346,1354,1361,1369,1377,1385,1393,1401,1410,1420,1430,1441,1451,1460,1469,1479,1505,1520,1518,1526,1531,1535,1538
"터크스케이커스제도",6,6,6,6,6,6,7,7,7,7,8,8,8,9,9,10,10,10,11,11,12,12,13,14,14,15,16,17,17,18,19,20,21,22,23,24,25,26,27,29,30,31,32,34,35,37,38,40,41,43,44,45,46,46,46
"미국령버진아일랜드",63,67,71,75,78,81,85,88,91,94,97,98,99,101,101,102,102,102,101,101,101,101,102,102,103,103,105,106,107,108,108,108,108,107,107,106,107,107,106,106,106,105,105,104,103,103,102,102,101,101,100,100,99,99,98
"우루과이",2790,2805,2821,2837,2854,2872,2891,2909,2926,2941,2954,2966,2979,2993,3008,3024,3041,3059,3078,3098,3117,3135,3154,3172,3190,3208,3227,3245,3263,3279,3292,3301,3306,3310,3314,3318,3322,3329,3336,3344,3353,3362,3371,3381,3392,3403,3414,3422,3427,3428,3429,3426,3423,3423,3423
"베네수엘라",11355,11706,12062,12425,12796,13176,13566,13965,14373,14789,15210,15638,16072,16510,16953,17402,17861,18329,18801,19275,19751,20226,20700,21172,21641,22107,22572,23038,23504,23967,24428,24880,25331,25782,26227,26669,27102,27525,27934,28328,28715,29096,29470,29838,30193,30530,30741,30563,29826,28972,28490,28200,28302,28838,29395
"유럽",,,,,,,,,,,,,,,,,,,,,,,,,,,,,,,,,,,,,,,,,,,,,,,,,,,,,,,
"알바니아",2325,2390,2455,2520,2585,2650,2714,2775,2833,2889,2942,2992,3041,3088,3132,3172,3207,3238,3263,3282,3295,3302,3304,3301,3294,3284,3271,3254,3232,3208,3182,3154,3124,3093,3063,3033,3003,2976,2952,2931,2913,2901,2892,2887,2884,2882,2881,2879,2877,2874,2867,2855,2842,2832,2826
"안도라",20,21,23,24,26,28,29,31,33,34,36,37,39,40,42,44,46,48,50,52,54,55,57,59,61,63,64,65,65,66,66,68,71,74,77,80,80,78,76,74,72,71,71,71,72,72,73,74,75,76,78,79,80,80,80
"오스트리아",7465,7499,7542,7584,7597,7577,7564,7566,7560,7547,7548,7566,7571,7559,7559,7562,7567,7572,7584,7619,7679,7756,7841,7905,7935,7947,7958,7967,7976,7991,8010,8040,8079,8120,8171,8227,8268,8295,8321,8343,8363,8391,8430,8480,8546,8642,8736,8797,8841,8880,8908,8922,8940,8959,8977
"벨라루스",9171,9237,9304,9370,9436,9501,9564,9629,9693,9756,9817,9877,9939,10004,10069,10133,10202,10271,10333,10388,10429,10458,10476,10480,10475,10462,10436,10401,10357,10308,10256,10201,10135,10066,10000,9935,9875,9826,9788,9758,9731,9707,9694,9691,9694,9701,9708,9708,9696,9674,9634,9578,9535,9498,9455
"벨기에",9629,9666,9700,9728,9749,9763,9774,9786,9800,9814,9829,9844,9857,9867,9874,9881,9888,9900,9918,9937,9960,9987,10016,10044,10069,10095,10123,10155,10189,10224,10264,10309,10356,10403,10456,10517,10583,10654,10727,10801,10878,10956,11031,11103,11177,11248,11317,11384,11449,11511,11562,11611,11656,11686,11716
"보스니아-헤르체고비나",3816,3859,3902,3943,3983,4022,4060,4097,4132,4166,4200,4236,4274,4313,4350,4383,4413,4440,4463,4481,4494,4502,4276,3943,3762,3751,3908,4048,4115,4153,4179,4195,4198,4184,4143,4094,4058,4008,3943,3878,3811,3743,3674,3618,3571,3524,3481,3440,3400,3361,3318,3271,3234,3211,3194
"불가리아",8583,8646,8700,8753,8811,8861,8902,8935,8958,8974,8981,8978,8970,8956,8939,8917,8892,8866,8836,8804,8768,8722,8669,8612,8548,8478,8401,8319,8235,8162,8098,8035,7975,7918,7865,7815,7766,7719,7675,7635,7592,7543,7488,7431,7372,7309,7246,7182,7117,7053,6979,6886,6782,6688,6619
"크로아티아",4493,4509,4526,4544,4562,4579,4597,4616,4636,4658,4680,4704,4729,4752,4776,4803,4829,4850,4866,4874,4874,4845,4798,4792,4819,4807,4759,4711,4660,4605,4548,4507,4483,4461,4443,4430,4418,4406,4394,4382,4369,4352,4332,4309,4284,4255,4224,4192,4160,4130,4097,4060,4030,4009,3987
"체코",9796,9817,9851,9900,9961,10026,10088,10144,10196,10241,10270,10284,10294,10298,10300,10302,10303,10302,10304,10304,10301,10303,10311,10319,10321,10312,10296,10279,10264,10249,10235,10230,10238,10248,10261,10280,10305,10338,10379,10422,10465,10496,10511,10515,10517,10524,10528,10531,10535,10537,10531,10511,10494,10495,10504
"덴마크",4923,4951,4981,5009,5034,5058,5079,5095,5109,5119,5125,5127,5126,5124,5121,5119,5119,5122,5126,5134,5145,5158,5175,5194,5214,5235,5256,5277,5299,5320,5341,5361,5379,5396,5416,5436,5458,5480,5503,5526,5551,5576,5601,5625,5651,5678,5707,5737,5767,5796,5826,5854,5882,5911,5940
"에스토니아",1362,1375,1388,1400,1412,1424,1435,1447,1459,1469,1477,1486,1495,1506,1516,1526,1536,1548,1560,1568,1571,1566,1540,1504,1476,1453,1435,1421,1411,1403,1397,1388,1379,1371,1362,1355,1347,1341,1337,1335,1332,1327,1323,1318,1315,1315,1316,1318,1322,1327,1329,1329,1326,1323,1319
"페로제도",38,39,39,40,40,41,41,41,42,43,43,44,44,45,45,46,46,46,47,47,47,47,46,45,44,44,44,44,45,45,46,46,47,47,48,48,48,48,48,48,48,48,48,48,48,49,50,50,51,52,52,53,53,53,53
"핀란드",4607,4612,4640,4666,4691,4711,4726,4739,4752,4765,4779,4800,4827,4856,4882,4902,4918,4932,4947,4964,4987,5014,5042,5067,5088,5108,5125,5140,5154,5165,5176,5188,5201,5213,5228,5246,5266,5289,5313,5339,5363,5388,5414,5439,5461,5479,5495,5508,5515,5522,5529,5536,5541,5545,5550
"프랑스",50524,50971,51410,51814,52164,52450,52685,52925,53175,53429,53714,54017,54320,54592,54846,55108,55372,55642,55911,56170,56413,56645,56864,57054,57230,57420,57623,57839,58080,58352,58665,59015,59373,59728,60108,60510,60919,61329,61721,62093,62445,62775,63071,63335,63588,63810,63989,64144,64278,64400,64480,64531,64627,64757,64882
"독일",78295,78511,78644,78667,78621,78514,78364,78221,78072,77916,77787,77684,77610,77566,77569,77639,77803,78091,78478,78916,79370,79802,80205,80573,80882,81123,81301,81436,81524,81557,81552,81515,81443,81347,81267,81212,81178,81184,81217,81261,81325,81423,81546,81681,81859,82073,82331,82624,82897,83148,83329,83409,83370,83295,83252
"지브롤터",27,27,27,28,28,28,28,28,28,29,29,29,29,29,29,29,29,28,28,28,27,27,27,27,27,27,27,28,28,28,28,28,28,28,29,29,30,30,30,31,31,32,32,32,32,33,33,33,33,33,33,33,33,33,33
"그리스",8545,8576,8617,8666,8730,8805,8890,8983,9084,9194,9307,9419,9529,9636,9740,9840,9937,10029,10120,10212,10302,10392,10478,10563,10647,10728,10804,10875,10939,10994,11038,11072,11097,11110,11115,11113,11106,11091,11074,11055,11034,11005,10964,10915,10863,10807,10750,10692,10633,10574,10512,10445,10385,10341,10303
"교황청",1,1,1,1,1,1,1,1,1,1,1,1,1,1,1,1,1,1,1,1,1,1,1,1,1,1,1,1,1,1,1,1,1,1,1,1,1,1,1,1,1,1,1,1,1,1,1,1,1,1,1,1,1,1,1
"헝가리",10315,10345,10377,10411,10458,10520,10579,10628,10665,10693,10699,10681,10656,10621,10581,10543,10506,10469,10434,10397,10376,10375,10370,10357,10342,10327,10308,10286,10261,10230,10202,10178,10148,10118,10094,10074,10057,10041,10024,10009,9987,9953,9922,9895,9868,9844,9815,9789,9776,9772,9751,9710,9967,10156,9995
"아이슬란드",204,206,209,212,215,218,220,222,224,226,228,231,234,237,240,242,243,246,250,253,255,258,261,264,266,268,269,271,274,278,281,285,288,290,292,297,304,312,318,319,318,319,321,324,328,331,336,344,353,361,367,370,373,375,378
"아일랜드",2938,2969,3014,3062,3110,3158,3206,3255,3306,3352,3391,3425,3451,3473,3491,3506,3516,3514,3498,3483,3485,3505,3528,3546,3559,3579,3607,3640,3679,3720,3769,3829,3894,3959,4032,4121,4235,4360,4452,4500,4525,4545,4565,4589,4622,4666,4716,4772,4835,4896,4946,4987,5023,5057,5089
"맨섬",55,56,57,58,59,60,61,62,62,63,64,65,65,65,65,64,65,66,67,68,69,70,70,71,71,71,72,73,74,75,76,76,77,78,79,79,80,81,82,83,84,84,84,84,84,84,83,84,84,84,84,84,85,85,85
"이탈리아",53324,53636,53995,54380,54751,55094,55389,55650,55877,56071,56329,56533,56586,56608,56620,56636,56639,56645,56671,56712,56757,56794,56833,56869,56884,56885,56899,56926,56939,56945,56966,56995,57108,57425,57861,58200,58430,58778,59224,59563,59822,60026,60190,60313,60323,60233,60119,60004,59877,59728,59501,59240,59037,58871,58698
"코소보",1238,1268,1301,1335,1371,1407,1443,1480,1516,1552,1589,1628,1666,1706,1747,1787,1827,1865,1899,1931,1965,2002,2039,2074,2108,2141,2174,2205,2090,1889,1823,1840,1847,1839,1832,1825,1818,1810,1803,1797,1793,1799,1811,1806,1778,1759,1751,1732,1710,1687,1671,1662,1660,1664,1667
"라트비아",2397,2418,2438,2457,2475,2493,2509,2525,2541,2556,2572,2588,2605,2623,2641,2655,2669,2682,2690,2693,2689,2679,2663,2639,2606,2570,2534,2499,2462,2426,2393,2359,2326,2294,2263,2233,2204,2176,2150,2126,2102,2077,2054,2031,2011,1992,1973,1955,1936,1917,1897,1874,1851,1830,1810
"리히텐슈타인",21,22,22,22,23,23,23,24,24,25,25,25,26,26,26,27,27,28,28,28,29,29,30,30,30,31,31,32,32,33,33,33,34,34,34,35,35,35,35,36,36,36,37,37,37,37,38,38,38,38,39,39,39,40,40
"리투아니아",3210,3244,3276,3307,3338,3368,3399,3430,3461,3491,3521,3551,3581,3613,3644,3673,3703,3732,3756,3773,3786,3793,3796,3789,3770,3747,3722,3695,3666,3634,3600,3560,3516,3470,3423,3374,3323,3272,3224,3180,3139,3100,3063,3028,2995,2964,2934,2904,2876,2849,2820,2787,2750,2718,2693
"룩셈부르크",339,342,346,349,351,354,356,358,361,363,364,364,365,365,366,366,368,371,373,377,381,386,392,397,402,408,413,418,424,429,436,441,446,451,458,465,472,480,489,498,507,518,531,543,556,569,583,596,608,620,630,639,648,655,662
"북마케도니아",1657,1679,1701,1725,1749,1774,1799,1825,1852,1879,1907,1935,1958,1974,1989,2002,2013,2023,2032,2039,2044,2037,2018,1997,1982,1984,1994,2004,2013,2024,2038,2053,2065,2071,2076,2079,2081,2083,2086,2090,2094,2097,2099,2102,2105,2108,2110,2112,2113,2114,2111,2103,2094,2086,2083
"몰타",315,315,315,316,318,320,322,325,327,330,334,337,340,343,346,349,352,355,358,362,365,369,372,375,379,382,385,389,392,396,399,402,405,407,409,410,411,412,413,416,419,424,430,438,446,457,468,479,492,504,515,527,533,535,537
"몰도바",3711,3751,3791,3831,3872,3914,3955,3994,4032,4068,4103,4140,4178,4218,4260,4301,4343,4388,4429,4459,4480,4491,4495,4494,4483,4461,4430,4394,4354,4304,4252,4201,4148,4094,4047,4001,3943,3877,3812,3749,3678,3595,3507,3417,3338,3277,3225,3181,3142,3109,3085,3062,3273,3436,3330
"모나코",24,25,25,25,25,26,26,26,27,27,27,27,28,28,28,29,29,30,30,30,30,31,31,31,31,31,32,32,32,32,32,32,32,32,32,32,32,32,32,32,33,34,35,35,36,37,37,37,37,37,37,37,36,36,36
"네덜란드",13038,13187,13324,13448,13561,13664,13760,13856,13949,14040,14130,14217,14297,14370,14442,14516,14593,14675,14762,14850,14945,15047,15151,15251,15349,15447,15539,15630,15723,15812,15899,15982,16057,16128,16196,16262,16326,16391,16461,16536,16617,16701,16785,16867,16954,17041,17125,17207,17286,17363,17435,17502,17564,17618,17671
"노르웨이",3876,3903,3933,3961,3985,4007,4026,4043,4059,4073,4086,4100,4115,4129,4140,4153,4167,4187,4210,4227,4242,4262,4287,4312,4337,4359,4382,4405,4432,4462,4491,4514,4538,4565,4592,4624,4661,4710,4769,4829,4890,4954,5019,5081,5138,5190,5237,5277,5312,5348,5380,5403,5434,5474,5514
"폴란드",32483,32711,32979,33270,33579,33900,34230,34562,34871,35188,35521,35851,36189,36536,36877,37179,37437,37654,37812,37939,38064,38167,38252,38319,38375,38402,38401,38396,38380,38355,38504,38663,38647,38622,38596,38576,38547,38522,38523,38555,38597,38621,38626,38607,38582,38553,38532,38533,38521,38494,38428,38308,39857,41026,40222
"포르투갈",8684,8701,8833,8958,9080,9203,9330,9459,9578,9686,9785,9857,9904,9944,9975,9997,10011,10020,10023,10020,10007,9986,9979,9992,10018,10051,10088,10131,10179,10233,10301,10372,10431,10473,10502,10523,10544,10566,10581,10591,10588,10565,10522,10465,10408,10365,10333,10308,10290,10290,10298,10290,10271,10248,10223
"루마니아",19923,20145,20382,20628,20890,21167,21450,21679,21844,21993,22125,22237,22331,22404,22465,22525,22587,22654,22719,22788,22836,22842,22801,22722,22633,22533,22418,22290,22161,22039,21920,21798,21654,21481,21289,21092,20909,20744,20598,20466,20335,20220,20137,20067,19996,19906,19798,19699,19607,19524,19442,19329,19659,19893,19619
"러시아",130093,130720,131456,132192,132970,133842,134764,135712,136659,137510,138257,139003,139848,140854,141893,142896,144046,145312,146464,147342,148006,148455,148726,148897,148829,148557,148233,147940,147673,147336,146845,146236,145590,144947,144354,143800,143339,143118,143087,143164,143243,143365,143629,143957,144285,144668,145109,145453,145652,145742,145617,145103,144713,144444,143957
"산마리노",18,18,19,19,19,20,20,20,21,21,21,22,22,22,22,22,22,22,23,23,23,23,24,24,25,25,25,26,26,26,27,27,28,29,29,30,30,30,31,31,32,32,33,33,33,34,34,34,34,34,34,34,34,34,34
"슬로바키아",4523,4558,4597,4641,4688,4737,4786,4835,4883,4931,4974,5012,5048,5082,5115,5147,5175,5201,5225,5245,5261,5280,5302,5322,5339,5350,5358,5366,5371,5375,5377,5376,5375,5374,5375,5376,5377,5378,5382,5389,5396,5403,5409,5415,5420,5424,5431,5439,5447,5454,5457,5448,5643,5795,5703
"슬로베니아",1741,1755,1770,1785,1801,1817,1834,1850,1867,1885,1902,1916,1928,1937,1945,1953,1960,1966,1973,1980,1986,1990,1991,1992,1991,1991,1991,1990,1988,1986,1984,1982,1984,1989,1997,2005,2014,2023,2034,2046,2057,2065,2069,2072,2075,2081,2090,2098,2106,2113,2118,2119,2120,2120,2119
"스페인",33793,34134,34515,34898,35330,35760,36139,36513,36865,37189,37492,37759,37982,38170,38330,38472,38591,38695,38782,38847,38890,38997,39202,39421,39624,39815,39996,40180,40362,40542,40742,40966,41478,42230,42960,43685,44423,45246,45967,46368,46573,46729,46756,46603,46465,46431,46473,46584,46792,47131,47364,47487,47559,47520,47473
"스웨덴",8028,8074,8118,8157,8193,8224,8247,8265,8281,8296,8312,8327,8341,8355,8371,8390,8412,8438,8468,8505,8548,8594,8640,8683,8723,8758,8785,8808,8829,8849,8871,8897,8926,8962,9004,9052,9105,9164,9229,9301,9382,9467,9556,9649,9748,9849,9953,10058,10162,10268,10369,10467,10549,10612,10674
"스위스",6181,6214,6261,6307,6341,6338,6302,6281,6282,6294,6319,6354,6391,6418,6441,6470,6504,6544,6593,6646,6712,6795,6873,6936,6992,7038,7070,7087,7108,7142,7182,7224,7276,7331,7381,7428,7475,7542,7638,7734,7822,7911,7996,8088,8188,8282,8373,8452,8514,8576,8639,8691,8740,8797,8851
"우크라이나",47279,47598,47974,48302,48603,48892,49145,49357,49537,49740,49974,50189,50374,50564,50759,50917,51077,51236,51372,51495,51590,51673,51785,51778,51487,51061,50616,50169,49746,49320,48880,48415,47977,47606,47262,46913,46593,46313,46063,45864,45683,45516,45406,45307,45148,44983,44834,44657,44447,44211,43910,43531,39702,36745,37938
"영국",55650,55876,56057,56167,56234,56267,56263,56245,56241,56265,56326,56396,56450,56502,56568,56643,56722,56826,56953,57076,57210,57359,57509,57647,57786,57930,58079,58250,58438,58635,58850,59092,59356,59650,59996,60384,60804,61261,61742,62243,62760,63286,63809,64302,64774,65224,65655,66065,66433,66779,67059,67281,67509,67737,67961
"몬테네그로",530,535,541,547,553,559,565,571,577,583,589,594,597,599,602,605,608,611,614,618,621,625,628,630,631,632,633,634,634,634,633,633,633,632,633,633,633,632,631,631,631,632,633,634,634,634,633,632,631,630,629,628,627,626,626
"세르비아",7194,7243,7296,7355,7417,7480,7544,7608,7669,7726,7777,7814,7842,7866,7889,7912,7932,7948,7964,7978,7988,7964,7944,7957,7970,7982,7993,7998,7986,7960,7935,7918,7904,7887,7863,7831,7795,7758,7723,7688,7654,7621,7591,7567,7544,7519,7493,7465,7434,7401,7358,7297,7221,7149,7097
"아프리카",,,,,,,,,,,,,,,,,,,,,,,,,,,,,,,,,,,,,,,,,,,,,,,,,,,,,,,
"알제리",13796,14110,14440,14786,15154,15725,16501,17134,17633,18167,18739,19351,20000,20682,21394,22133,22883,23586,24243,24890,25518,26134,26748,27354,27937,28478,28985,29476,29925,30346,30775,31201,31625,32056,32510,32957,33435,33984,34570,35196,35856,36544,37261,38001,38760,39543,40339,41137,41927,42705,43452,44178,44903,45606,46279
"앙골라",6030,6177,6365,6578,6802,7033,7267,7512,7772,8043,8330,8631,8947,9277,9618,9971,10333,10694,11060,11439,11829,12229,12633,13038,13462,13912,14383,14871,15367,15871,16394,16942,17516,18124,18771,19451,20162,20910,21692,22508,23364,24259,25188,26147,27128,28128,29155,30209,31274,32354,33428,34504,35589,36684,37805
"베냉",3023,3088,3156,3227,3301,3379,3460,3546,3637,3732,3834,3942,4054,4172,4293,4420,4551,4689,4832,4980,5133,5293,5458,5706,5923,6047,6204,6387,6584,6789,6998,7212,7432,7659,7895,8149,8403,8648,8906,9173,9446,9726,10014,10309,10615,10933,11260,11597,11941,12290,12643,12997,13353,13713,14080
"보츠와나",592,604,627,657,692,728,766,807,849,894,939,983,1023,1061,1099,1139,1179,1220,1261,1302,1341,1381,1421,1462,1504,1544,1582,1619,1656,1692,1727,1762,1795,1827,1859,1893,1929,1967,2007,2049,2092,2134,2175,2217,2260,2305,2352,2402,2451,2500,2546,2588,2630,2675,2720
"부르키나파소",5612,5708,5805,5908,6018,6138,6270,6417,6578,6750,6933,7124,7322,7531,7751,7979,8208,8435,8664,8895,9131,9365,9599,9840,10091,10353,10621,10897,11201,11534,11883,12250,12632,13031,13446,13876,14316,14757,15198,15650,16117,16603,17114,17636,18170,18718,19275,19836,20393,20952,21523,22101,22674,23251,23840
"부룬디",3498,3582,3579,3571,3660,3749,3831,3927,4039,4137,4313,4491,4602,4727,4842,4948,5042,5158,5272,5374,5484,5595,5743,5555,5586,5933,5931,5924,6035,6180,6308,6466,6649,6861,7120,7389,7658,7945,8278,8709,9127,9456,9795,10150,10495,10727,10903,11156,11493,11875,12220,12551,12890,13239,13592
"카메룬",6453,6627,6809,6999,7195,7397,7598,7797,8013,8243,8520,8829,9047,9241,9509,9804,10113,10434,10760,11089,11431,11778,12129,12487,12849,13212,13575,13941,14315,14699,15092,15493,15914,16354,16809,17275,17751,18252,18777,19319,19878,20449,21033,21633,22300,23013,23712,24393,25077,25782,26491,27199,27915,28647,29394
"카보베르데",287,294,297,299,302,304,307,309,312,314,317,322,326,331,335,340,344,349,353,358,365,373,382,392,402,411,421,431,440,450,458,466,473,480,487,493,499,505,510,516,521,528,534,540,546,552,558,565,571,577,583,588,593,599,604
"중앙아프리카공화국",2067,2111,2154,2196,2239,2284,2318,2342,2366,2390,2415,2441,2468,2495,2524,2553,2584,2616,2657,2724,2809,2898,2992,3089,3188,3277,3364,3458,3555,3655,3759,3845,3931,4027,4115,4209,4294,4376,4467,4565,4660,4732,4773,4802,4799,4819,4904,4997,5095,5209,5343,5457,5579,5742,5916
"차드",3667,3743,3824,3913,4001,4084,4163,4239,4313,4403,4408,4409,4623,4859,4921,4968,5118,5301,5483,5671,5827,6042,6303,6448,6593,6889,7200,7451,7709,7982,8259,8539,8838,9196,9614,10005,10366,10723,11099,11496,11895,12318,12755,13217,13697,14140,14593,15086,15604,16127,16645,17180,17723,18279,18847
"코모로",242,249,256,264,272,280,289,298,308,318,328,338,347,356,366,376,386,397,408,420,431,442,453,463,473,484,494,505,516,526,537,548,559,570,581,593,605,617,629,642,656,670,685,699,715,730,746,762,776,791,806,822,837,852,868
"콩고",1397,1440,1485,1532,1580,1625,1665,1706,1747,1788,1829,1871,1912,1952,2002,2063,2125,2189,2253,2319,2385,2453,2521,2594,2669,2742,2817,2875,2937,3017,3134,3254,3331,3425,3543,3673,3813,3956,4090,4257,4438,4584,4713,4828,4945,5064,5187,5312,5441,5571,5702,5836,5970,6107,6245
"콩고민주공화국",20152,20713,21273,21854,22448,23053,23655,24256,25015,25903,26709,27458,28219,29005,29880,30800,31725,32713,33750,34826,35988,37195,38332,39581,41512,43286,44119,44822,45896,47227,48616,50107,51662,53206,54816,56550,58382,60289,62250,64270,66391,68654,70998,73460,76036,78657,81431,84283,87087,89907,92853,95894,99010,102263,105625
"코트디부아르",5477,5719,5980,6257,6549,6854,7143,7416,7701,7996,8304,8622,8948,9282,9621,9964,10309,10663,11043,11463,11911,12369,12838,13316,13802,14300,14811,15335,15859,16346,16800,17245,17684,18116,18545,18970,19394,19818,20244,20678,21120,21563,22011,22469,22996,23597,24214,24848,25494,26148,26812,27478,28161,28873,29603
"지부티",144,154,165,177,191,209,229,253,278,303,324,341,355,368,382,401,424,452,482,521,577,629,623,611,623,630,645,668,695,719,742,765,789,806,818,831,847,865,883,901,919,937,954,972,989,1006,1023,1040,1057,1074,1090,1106,1121,1136,1152
"이집트",34782,35556,36331,37121,37930,38776,39649,40577,41577,42632,43749,44900,46089,47354,48676,50036,51424,52841,54298,55766,57215,58611,59989,61382,62776,64167,65565,66994,68446,69908,71371,72854,74394,75963,77522,79075,80630,82219,83845,85501,87252,89200,91240,93378,95592,97724,99784,101789,103741,105619,107465,109262,110990,112717,114484
"적도기니",317,312,305,298,291,283,276,271,271,274,283,297,316,337,358,378,397,415,432,448,466,483,501,520,540,561,583,606,630,655,685,719,754,790,826,865,905,949,995,1044,1095,1145,1194,1244,1295,1347,1399,1451,1502,1553,1596,1634,1675,1715,1755
"에리트레아",1273,1306,1341,1377,1413,1451,1490,1530,1571,1614,1658,1704,1751,1800,1850,1899,1950,2000,2052,2102,2150,2039,1921,1981,2043,2157,2264,2292,2323,2356,2393,2462,2547,2653,2763,2832,2880,2926,3006,3084,3148,3208,3253,3296,3323,3340,3365,3397,3445,3499,3556,3620,3684,3749,3818
"에티오피아",28308,29100,29891,30694,31489,32253,33062,33695,34259,34759,34945,35819,37213,38235,39203,40286,41455,42852,44512,46196,47878,49937,52012,53792,55620,57477,59348,61233,63136,65078,67032,69019,71073,73169,75301,77470,79691,81996,84357,86756,89238,91818,94451,97084,99747,102472,105293,108198,111129,114121,117191,120283,123380,126527,129720
"가봉",597,610,622,635,649,663,679,695,712,730,749,769,790,811,833,856,880,905,930,957,983,1010,1037,1065,1094,1122,1151,1180,1210,1241,1273,1307,1342,1378,1417,1458,1503,1550,1600,1654,1711,1773,1837,1902,1967,2029,2086,2140,2192,2243,2293,2341,2389,2437,2485
"감비아",529,544,561,577,595,613,632,652,673,695,719,743,768,796,825,856,889,924,961,1000,1041,1084,1127,1168,1206,1242,1279,1317,1356,1396,1438,1479,1522,1566,1612,1660,1711,1765,1821,1878,1937,1998,2061,2125,2189,2253,2317,2381,2445,2509,2574,2640,2706,2773,2842
"가나",8862,9109,9366,9637,9919,10210,10509,10825,11163,11516,11865,12213,12585,12984,13342,13651,13972,14311,14672,15052,15447,15843,16242,16644,17041,17439,17844,18268,18715,19177,19666,20196,20758,21330,21906,22497,23099,23708,24326,24951,25575,26206,26859,27526,28196,28871,29554,30222,30871,31522,32180,32833,33476,34122,34778
"기니",4222,4298,4372,4445,4517,4588,4659,4730,4805,4885,4973,5067,5171,5282,5402,5532,5671,5821,5977,6136,6354,6616,6832,7046,7262,7468,7683,7843,7993,8175,8337,8446,8578,8772,8961,9140,9331,9547,9780,10021,10271,10528,10789,11055,11333,11626,11931,12241,12555,12878,13205,13532,13859,14191,14529
"기니비사우",592,595,596,603,624,660,701,747,794,822,831,845,859,872,886,900,914,928,943,958,974,994,1023,1057,1090,1117,1141,1162,1184,1206,1231,1257,1286,1316,1347,1380,1414,1451,1488,1527,1567,1609,1653,1698,1743,1789,1835,1880,1925,1970,2016,2061,2106,2151,2197
"케냐",11473,11898,12323,12760,13204,13652,14102,14577,15087,15621,16187,16786,17411,18069,18753,19452,20161,20882,21626,22388,23162,23918,24656,25392,26134,26878,27616,28364,29137,29965,30852,31800,32780,33767,34792,35843,36925,38037,39187,40364,41518,42635,43726,44792,45832,46851,47895,48948,49953,50951,51986,53006,54027,55101,56203
"레소토",1023,1060,1097,1136,1175,1216,1256,1294,1331,1369,1408,1448,1488,1530,1573,1617,1660,1699,1734,1767,1799,1830,1859,1885,1911,1934,1955,1973,1986,1994,1999,1999,1998,1993,1985,1977,1977,1983,1995,2009,2023,2038,2055,2074,2095,2119,2144,2171,2198,2226,2254,2281,2306,2330,2356
"라이베리아",1464,1502,1541,1583,1626,1672,1718,1768,1821,1876,1932,1990,2048,2109,2174,2240,2306,2372,2440,2508,2210,1939,2053,2133,2125,2142,2204,2383,2639,2790,2895,2982,3061,3085,3122,3266,3455,3633,3784,3905,4020,4181,4332,4427,4519,4612,4706,4797,4889,4985,5088,5193,5303,5418,5537
"리비아",1909,1958,2013,2084,2179,2292,2414,2542,2676,2817,2963,3112,3265,3424,3565,3684,3800,3912,4022,4130,4237,4342,4445,4545,4641,4733,4820,4902,4981,5058,5155,5276,5405,5543,5688,5838,5973,6097,6228,6360,6492,6188,5870,5985,6098,6192,6282,6378,6478,6569,6654,6735,6812,6888,6964
"마다가스카르",6640,6840,7051,7269,7492,7721,7955,8195,8441,8692,8948,9207,9471,9740,10015,10298,10588,10891,11207,11537,11883,12245,12623,13020,13436,13869,14317,14779,15251,15731,16216,16710,17212,17724,18251,18792,19350,19925,20514,21117,21731,22348,22966,23588,24216,24851,25502,26170,26847,27533,28225,28916,29612,30326,31057
"말라위",4625,4742,4866,4996,5134,5281,5438,5612,5809,6029,6267,6520,6784,7058,7339,7625,7910,8296,8755,9175,9540,9832,10115,10257,10132,10113,10311,10513,10732,10974,11229,11499,11784,12088,12411,12756,13118,13495,13889,14299,14718,15146,15581,16025,16478,16939,17406,17881,18368,18867,19377,19890,20405,20932,21476
"말리",6154,6248,6347,6455,6569,6687,6808,6935,7073,7218,7373,7533,7696,7864,8030,8188,8335,8474,8617,8774,8945,9124,9311,9507,9712,9921,10132,10359,10620,10917,11239,11584,11953,12342,12752,13181,13624,14081,14551,15033,15529,16040,16515,17004,17552,18113,18700,19311,19934,20567,21224,21905,22594,23294,24016
"모리타니",1122,1156,1191,1227,1264,1302,1342,1381,1422,1464,1507,1552,1598,1646,1696,1746,1798,1851,1906,1955,2006,2066,2148,2237,2315,2380,2429,2484,2551,2621,2695,2762,2822,2883,2947,3012,3081,3154,3233,3323,3419,3524,3636,3743,3843,3946,4052,4160,4271,4384,4499,4615,4736,4863,4994
"모리셔스",830,842,854,865,877,888,900,913,926,940,955,970,984,998,1012,1026,1039,1052,1064,1077,1090,1104,1119,1133,1147,1160,1173,1184,1195,1205,1216,1225,1234,1242,1250,1258,1265,1271,1276,1280,1283,1286,1289,1291,1292,1293,1294,1295,1295,1296,1298,1299,1299,1301,1302
"모로코",15274,15677,16081,16489,16902,17325,17757,18206,18680,19168,19678,20208,20747,21287,21817,22335,22824,23280,23721,24148,24571,24988,25401,25807,26202,26599,26999,27397,27792,28177,28554,28930,29302,29661,30033,30432,30833,31233,31635,32043,32465,32904,33352,33804,34249,34680,35107,35528,35928,36304,36689,37077,37458,37840,38211
"모잠비크",8412,8623,8861,9124,9404,9704,10019,10364,10741,11128,11414,11640,11902,12163,12426,12680,12910,12965,12957,13088,13303,13561,13817,14206,14913,15595,16080,16522,16923,17338,17769,18221,18695,19187,19694,20211,20736,21281,21846,22437,23074,23760,24488,25252,26039,26843,27696,28569,29424,30286,31178,32077,32970,33897,34858
"나미비아",754,777,801,825,850,877,902,926,942,957,976,987,1006,1033,1062,1093,1128,1165,1208,1288,1369,1416,1462,1510,1558,1605,1650,1693,1736,1778,1819,1856,1889,1915,1939,1963,1987,2011,2039,2068,2099,2132,2167,2205,2243,2283,2323,2365,2406,2447,2489,2530,2567,2604,2646
"니제르",4670,4797,4926,5059,5197,5339,5489,5645,5810,5987,6173,6366,6564,6767,6974,7188,7408,7637,7872,8116,8371,8635,8908,9193,9493,9814,10150,10494,10855,11231,11623,12031,12457,12901,13367,13855,14365,14898,15455,16038,16648,17283,17954,18653,19372,20128,20922,21738,22577,23443,24334,25253,26208,27203,28239
"나이지리아",55569,56838,58174,59605,61158,62851,64658,66590,68633,70750,72951,75175,77388,79352,81338,83585,85804,88044,90351,92744,95214,97685,100182,102775,105456,108188,110956,113791,116691,119696,122852,126153,129583,133120,136757,140491,144330,148294,152383,156596,160953,165464,170076,174726,179379,183996,188667,193496,198388,203304,208327,213401,218541,223805,229152
"레위니옹",474,483,492,501,508,516,523,530,537,544,552,559,567,577,588,599,611,622,634,646,659,673,686,700,713,726,739,751,764,775,785,795,805,815,825,834,845,861,874,883,890,897,902,907,915,922,927,933,941,949,958,966,974,982,989
"르완다",3896,4015,4136,4259,4386,4516,4648,4783,4922,5074,5248,5442,5653,5859,6057,6267,6498,6736,6954,7142,7320,7486,7657,7905,6733,5687,6716,7667,7915,8010,8110,8224,8372,8568,8792,9026,9270,9523,9782,10044,10309,10577,10840,11101,11368,11643,11931,12230,12532,12835,13146,13462,13777,14095,14415
"상투메프린시페",78,79,81,82,84,86,88,90,93,95,97,99,101,103,104,107,109,112,115,117,120,123,126,128,131,133,135,138,140,142,144,146,150,154,158,162,166,170,174,178,182,186,190,194,197,201,205,208,211,215,219,223,227,232,236
"세네갈",4368,4499,4633,4772,4911,5048,5181,5308,5433,5564,5704,5852,6008,6172,6342,6521,6711,6910,7114,7322,7536,7754,7975,8197,8417,8633,8843,9052,9262,9479,9704,9938,10181,10435,10699,10974,11263,11564,11873,12195,12530,12876,13232,13596,13970,14356,14751,15158,15575,16001,16436,16877,17316,17763,18222
"세이셸",54,56,57,58,60,61,62,63,64,65,65,66,66,67,67,68,68,69,70,70,71,72,72,73,74,75,76,77,78,79,80,81,82,84,85,86,87,88,90,91,92,94,95,97,98,99,101,102,103,104,106,106,107,108,108
"시에라리온",2779,2832,2887,2942,2999,3056,3113,3172,3235,3300,3367,3437,3509,3586,3666,3749,3843,3948,4056,4159,4325,4378,4302,4296,4315,4324,4347,4405,4450,4475,4584,4857,5140,5351,5533,5683,5810,5939,6091,6260,6437,6612,6789,6965,7141,7315,7494,7678,7861,8047,8234,8421,8606,8791,8978
"소말리아",3721,3818,3918,4022,4126,4228,4334,4450,4778,5409,5892,5935,5952,6143,6369,6631,6909,7158,7160,7035,6999,6733,6428,6621,6960,7211,7472,7734,8057,8384,8721,9071,9411,9758,10117,10467,10785,11118,11445,11730,12027,12217,12440,12852,13309,13764,14293,14864,15411,15981,16537,17066,17598,18143,18707
"남아프리카공화국",22368,23031,23699,24383,25077,25778,26480,27200,27943,28697,29464,30233,31022,31865,32768,33753,34878,36119,37394,38669,39878,40911,41761,42525,43268,43986,44662,45285,45852,46365,46813,47230,47662,48104,48556,49017,49492,49996,50566,51171,51785,52443,53145,53874,54730,55877,56422,56641,57340,58087,58802,59392,59894,60414,61020
"남수단",3342,3397,3465,3542,3630,3718,3809,3901,3996,4093,4192,4294,4398,4503,4603,4707,4820,4894,4815,4707,4751,4867,4957,5018,5143,5302,5435,5589,5699,5850,6114,6394,6686,6992,7317,7663,8030,8418,8824,9229,9714,10243,10702,11106,11213,11194,11066,10658,10395,10448,10606,10748,10913,11089,11277
"세인트헬레나",6,6,6,6,6,6,6,6,6,6,6,6,7,7,7,7,7,7,7,7,7,7,7,6,6,6,6,6,6,6,6,6,6,6,6,6,5,5,5,5,5,5,5,5,5,5,6,5,5,5,5,5,5,5,5
"수단",11305,11669,12057,12470,12951,13498,14066,14667,15306,15973,16674,17404,18129,18734,19166,19517,19887,20231,20454,20719,21091,21454,21780,22163,22704,23291,23862,24454,25029,25634,26299,26947,27570,28189,28832,29541,30333,31191,32065,32948,33740,34420,35160,35991,37003,38171,39377,40680,41999,43232,44440,45657,46874,48109,49358
"에스와티니",443,455,468,481,495,510,525,542,560,579,599,616,634,656,677,702,730,759,794,826,854,890,925,953,954,954,974,991,1005,1018,1030,1041,1051,1059,1066,1072,1078,1084,1090,1095,1100,1105,1111,1118,1126,1134,1143,1151,1160,1170,1181,1192,1202,1211,1222
"탄자니아",13618,14092,14596,15124,15671,16244,16839,17455,18080,18699,19298,19891,20500,21171,21857,22570,23324,24099,24844,25523,26206,26891,27581,28469,29598,30560,31141,31786,32626,33500,34464,35414,36354,37334,38361,39440,40562,41716,42871,43958,45111,46416,47786,49254,50815,52543,54402,56267,58090,59873,61705,63588,65498,67438,69419
"토고",2197,2267,2331,2391,2450,2510,2570,2631,2693,2761,2838,2926,3023,3127,3232,3337,3439,3545,3653,3764,3876,3990,4106,4078,4093,4280,4446,4593,4728,4868,5008,5145,5282,5421,5565,5712,5874,6048,6222,6399,6572,6749,6927,7106,7288,7473,7661,7853,8047,8243,8443,8645,8849,9054,9261
"튀니지",5047,5182,5320,5464,5613,5769,5930,6093,6255,6416,6578,6744,6915,7091,7279,7476,7675,7874,8069,8256,8440,8623,8803,8977,9143,9294,9431,9558,9677,9788,9893,9995,10095,10194,10292,10388,10484,10580,10680,10785,10895,11033,11174,11300,11429,11558,11686,11811,11933,12049,12162,12263,12356,12458,12565
"우간다",10317,10616,10886,11146,11429,11731,12045,12369,12702,13012,13284,13564,13880,14229,14618,15039,15487,15974,16489,17029,17587,18172,18802,19463,20125,20681,21250,21877,22538,23279,24021,24763,25545,26355,27146,27947,28773,29630,30510,31413,32342,33296,34273,35274,36337,37477,38748,40127,41515,42949,44405,45854,47250,48582,49924
"서사하라",76,79,78,78,76,67,65,77,91,105,117,126,133,139,145,150,156,161,167,173,179,184,190,195,200,208,220,232,245,257,270,284,297,311,325,339,354,368,383,398,413,429,446,463,478,492,505,519,532,545,556,566,576,587,598
"잠비아",4282,4400,4524,4653,4789,4931,5080,5233,5391,5553,5720,5897,6091,6291,6488,6686,6891,7095,7294,7491,7686,7880,8074,8271,8474,8684,8902,9133,9372,9621,9891,10192,10508,10838,11188,11565,11972,12402,12853,13318,13792,14266,14745,15235,15738,16248,16768,17298,17836,18380,18928,19473,20018,20570,21135
"짐바브웨",5203,5363,5533,5713,5904,6097,6288,6453,6549,6656,7050,7507,7804,8106,8399,8691,8983,9277,9569,9846,10114,10378,10642,10795,10859,10994,11178,11362,11548,11716,11835,11911,11985,12076,12161,12225,12330,12451,12550,12680,12840,13026,13265,13555,13856,14155,14453,14751,15052,15355,15670,15994,16321,16665,17020
"오세아니아",,,,,,,,,,,,,,,,,,,,,,,,,,,,,,,,,,,,,,,,,,,,,,,,,,,,,,,
"미국령사모아",27,28,28,29,29,30,30,31,31,32,33,34,35,37,38,40,41,43,45,46,48,49,50,51,52,53,55,56,57,58,58,58,58,58,58,57,57,56,56,55,55,54,54,53,52,51,50,49,48,47,46,45,44,44,44
"오스트레일리아",12595,12994,13300,13513,13713,13887,14038,14193,14356,14521,14706,14930,15168,15383,15579,15786,16012,16259,16526,16797,17048,17271,17463,17632,17806,18003,18212,18410,18602,18801,19018,19248,19476,19699,19925,20172,20467,20831,21248,21661,22019,22357,22729,23112,23470,23820,24196,24590,24979,25357,25670,25921,26177,26439,26699
"쿡아일랜드",20,21,21,20,20,19,18,18,18,18,18,18,17,17,17,17,16,17,17,17,17,17,17,18,18,18,18,18,17,17,16,15,15,15,15,15,15,16,16,17,17,18,18,18,18,18,18,17,17,17,17,17,17,17,17
"피지",528,538,548,557,566,576,587,599,614,629,645,661,677,694,711,727,743,755,764,773,780,785,787,789,791,792,797,805,814,823,833,841,850,858,867,875,883,891,897,901,905,908,911,913,916,917,918,919,919,918,920,925,930,936,943
"프랑스령폴리네시아",118,122,126,131,135,140,144,149,154,159,164,169,174,179,183,188,192,197,202,207,211,215,220,224,228,231,235,239,243,247,251,255,259,263,267,271,275,278,281,282,284,285,287,288,290,292,294,295,298,300,302,304,306,309,311
"괌",88,91,93,95,97,99,102,104,106,108,110,113,116,119,122,125,127,130,133,136,138,141,143,146,148,150,152,154,156,158,160,162,163,163,164,164,165,165,165,165,165,166,166,167,168,168,168,169,169,169,169,171,172,173,174
"키리바시",57,59,60,61,61,61,60,60,59,60,61,62,63,64,65,67,68,70,72,73,75,77,78,79,80,81,83,84,86,87,89,91,92,94,96,98,100,102,104,106,108,110,112,113,115,117,119,120,122,124,126,129,131,134,136
"마셜제도",24,25,25,26,26,27,28,29,30,31,32,33,35,36,37,39,41,42,44,45,46,47,48,49,50,51,52,52,53,54,54,54,54,54,54,54,54,54,54,54,53,53,52,51,50,49,48,47,46,45,43,42,42,42,42
"미크로네시아",59,61,62,64,66,67,69,70,72,74,76,79,81,83,86,88,90,93,95,97,99,100,103,106,109,110,111,111,111,112,112,112,112,112,111,111,110,110,109,108,108,108,108,109,109,109,110,110,111,111,112,113,114,115,116
"나우루",7,7,7,7,7,7,7,7,8,8,8,8,8,8,8,8,9,9,9,9,10,10,10,10,10,10,10,10,10,10,10,10,10,10,10,10,10,10,10,10,10,10,10,11,11,11,11,12,12,12,12,13,13,13,13
"뉴칼레도니아",111,116,121,126,131,137,141,143,145,147,149,150,152,154,157,160,163,166,169,173,177,182,186,191,195,200,204,208,213,217,222,226,230,235,239,242,246,249,253,257,261,266,271,276,281,283,284,284,285,285,286,288,290,293,296
"뉴질랜드",2824,2869,2921,2981,3043,3095,3128,3141,3143,3143,3147,3161,3186,3220,3250,3268,3282,3299,3316,3334,3397,3482,3533,3574,3621,3674,3728,3776,3810,3833,3855,3890,3949,4020,4081,4133,4180,4221,4260,4303,4346,4381,4410,4451,4514,4591,4668,4746,4839,4959,5061,5130,5185,5228,5270
"니우에",5,5,5,5,4,4,4,4,4,4,4,4,3,3,3,3,3,3,3,3,3,2,2,2,2,2,2,2,2,2,2,2,2,2,2,2,2,2,2,2,2,2,2,2,2,2,2,2,2,2,2,2,2,2,2
"북마리아나제도",10,11,13,14,15,15,16,16,16,16,18,20,23,26,29,32,35,39,42,46,48,48,48,48,48,49,53,61,69,76,80,79,77,75,72,69,66,63,60,57,54,53,52,52,52,52,51,51,50,50,50,49,50,50,50
"팔라우",11,12,12,13,13,13,13,12,12,12,12,12,13,13,13,14,14,14,15,15,15,16,16,16,17,17,18,18,19,19,20,20,20,20,20,20,20,19,19,19,19,18,18,18,18,18,18,18,18,18,18,18,18,18,18
"파푸아뉴기니",2489,2549,2611,2672,2733,2794,2856,2918,2980,3042,3105,3169,3235,3304,3374,3448,3523,3600,3680,3764,3865,3991,4137,4292,4452,4616,4786,4960,5139,5321,5508,5698,5893,6091,6293,6499,6708,6921,7138,7359,7583,7807,8027,8246,8464,8682,8899,9115,9329,9542,9750,9949,10143,10330,10516
"사모아",143,145,147,150,152,155,158,160,162,163,165,166,167,167,167,167,166,167,167,168,168,169,170,171,173,175,177,179,180,182,184,186,187,187,188,189,189,190,192,193,195,196,198,200,202,204,206,208,210,212,215,219,222,226,229
"솔로몬제도",173,177,182,187,192,198,204,211,218,226,234,242,250,259,268,277,287,296,305,315,324,334,344,354,365,375,386,397,408,419,430,440,451,461,472,482,493,505,516,528,540,554,568,582,597,613,628,644,659,675,691,708,724,740,757
"토켈라우제도",2,2,2,2,2,2,2,2,2,2,2,2,2,2,2,2,2,2,2,2,2,2,2,2,2,2,2,2,2,2,2,2,2,2,2,1,1,1,1,1,1,1,1,2,1,1,1,1,2,2,2,2,2,2,2
"통가",86,88,89,91,92,93,95,96,96,97,97,97,97,97,97,97,97,97,98,98,99,99,99,99,100,100,100,101,101,102,103,103,104,104,105,106,106,107,107,107,107,108,108,107,107,106,106,105,105,105,105,106,107,108,109
"투발루",6,6,6,6,6,6,7,7,7,8,8,8,8,8,8,8,8,9,9,9,9,9,9,10,10,10,10,10,10,10,10,10,10,10,10,10,10,10,10,10,11,11,11,11,11,11,11,11,11,11,11,11,11,11,11
"바누아투",87,90,93,96,99,102,105,109,112,115,118,121,124,127,130,133,136,140,144,147,151,155,159,163,167,171,175,179,183,187,192,197,202,207,212,218,223,228,234,240,245,251,257,264,270,276,283,290,297,304,312,319,327,335,342
"월리스푸투나제도",9,9,10,10,10,10,10,10,11,11,11,12,12,13,13,13,13,13,13,13,13,14,14,14,14,14,14,14,14,15,15,15,15,15,15,15,14,14,14,13,13,13,13,12,12,12,12,12,12,12,12,12,12,12,11
